,Country,Year,Medal,Count
0,AFG,2008,Bronze,1
1,AFG,2012,Bronze,1
2,AHO,1988,Silver,1
3,ALG,1984,Bronze,2
4,ALG,1992,Bronze,1
5,ALG,1992,Gold,1
6,ALG,1996,Bronze,1
7,ALG,1996,Gold,2
8,ALG,2000,Bronze,3
9,ALG,2000,Gold,1
10,ALG,2000,Silver,1
11,ALG,2008,Bronze,1
12,ALG,2008,Silver,1
13,ALG,2012,Gold,1
14,ANZ,1908,Bronze,2
15,ANZ,1908,Gold,15
16,ANZ,1908,Silver,2
17,ANZ,1912,Bronze,3
18,ANZ,1912,Gold,5
19,ANZ,1912,Silver,2
20,ARG,1924,Bronze,2
21,ARG,1924,Gold,6
22,ARG,1924,Silver,3
23,ARG,1928,Bronze,5
24,ARG,1928,Gold,3
25,ARG,1928,Silver,24
26,ARG,1932,Gold,3
27,ARG,1932,Silver,1
28,ARG,1936,Bronze,4
29,ARG,1936,Gold,5
30,ARG,1936,Silver,2
31,ARG,1948,Bronze,1
32,ARG,1948,Gold,3
33,ARG,1948,Silver,8
34,ARG,1952,Bronze,2
35,ARG,1952,Gold,2
36,ARG,1952,Silver,2
37,ARG,1956,Bronze,1
38,ARG,1956,Silver,1
39,ARG,1960,Bronze,1
40,ARG,1960,Silver,3
41,ARG,1964,Silver,1
42,ARG,1968,Bronze,2
43,ARG,1972,Silver,1
44,ARG,1988,Bronze,12
45,ARG,1988,Silver,1
46,ARG,1992,Bronze,2
47,ARG,1996,Bronze,1
48,ARG,1996,Silver,19
49,ARG,2000,Bronze,3
50,ARG,2000,Silver,17
51,ARG,2004,Bronze,21
52,ARG,2004,Gold,26
53,ARG,2008,Bronze,31
54,ARG,2008,Gold,20
55,ARG,2012,Bronze,3
56,ARG,2012,Gold,1
57,ARG,2012,Silver,16
58,ARM,1996,Gold,1
59,ARM,1996,Silver,1
60,ARM,2000,Bronze,1
61,ARM,2008,Bronze,6
62,ARM,2012,Bronze,1
63,ARM,2012,Silver,1
64,AUS,1896,Gold,2
65,AUS,1900,Bronze,3
66,AUS,1900,Gold,2
67,AUS,1920,Bronze,1
68,AUS,1920,Silver,5
69,AUS,1924,Bronze,2
70,AUS,1924,Gold,3
71,AUS,1924,Silver,5
72,AUS,1928,Bronze,1
73,AUS,1928,Gold,1
74,AUS,1928,Silver,2
75,AUS,1932,Bronze,1
76,AUS,1932,Gold,3
77,AUS,1932,Silver,1
78,AUS,1936,Bronze,1
79,AUS,1948,Bronze,5
80,AUS,1948,Gold,2
81,AUS,1948,Silver,9
82,AUS,1952,Bronze,11
83,AUS,1952,Gold,7
84,AUS,1952,Silver,2
85,AUS,1956,Bronze,26
86,AUS,1956,Gold,23
87,AUS,1956,Silver,12
88,AUS,1960,Bronze,9
89,AUS,1960,Gold,10
90,AUS,1960,Silver,17
91,AUS,1964,Bronze,29
92,AUS,1964,Gold,8
93,AUS,1964,Silver,5
94,AUS,1968,Bronze,10
95,AUS,1968,Gold,5
96,AUS,1968,Silver,34
97,AUS,1972,Bronze,2
98,AUS,1972,Gold,11
99,AUS,1972,Silver,7
100,AUS,1976,Bronze,8
101,AUS,1976,Silver,16
102,AUS,1980,Bronze,5
103,AUS,1980,Gold,5
104,AUS,1980,Silver,2
105,AUS,1984,Bronze,29
106,AUS,1984,Gold,7
107,AUS,1984,Silver,14
108,AUS,1988,Bronze,10
109,AUS,1988,Gold,18
110,AUS,1988,Silver,6
111,AUS,1992,Bronze,16
112,AUS,1992,Gold,14
113,AUS,1992,Silver,27
114,AUS,1996,Bronze,84
115,AUS,1996,Gold,32
116,AUS,1996,Silver,16
117,AUS,2000,Bronze,54
118,AUS,2000,Gold,60
119,AUS,2000,Silver,69
120,AUS,2004,Bronze,30
121,AUS,2004,Gold,49
122,AUS,2004,Silver,78
123,AUS,2008,Bronze,76
124,AUS,2008,Gold,31
125,AUS,2008,Silver,42
126,AUS,2012,Bronze,59
127,AUS,2012,Gold,19
128,AUS,2012,Silver,36
129,AUT,1896,Bronze,2
130,AUT,1896,Gold,2
131,AUT,1896,Silver,1
132,AUT,1900,Bronze,3
133,AUT,1900,Silver,3
134,AUT,1904,Bronze,1
135,AUT,1908,Bronze,1
136,AUT,1912,Bronze,5
137,AUT,1912,Silver,9
138,AUT,1924,Bronze,1
139,AUT,1924,Silver,3
140,AUT,1928,Bronze,2
141,AUT,1928,Gold,2
142,AUT,1932,Bronze,3
143,AUT,1932,Gold,1
144,AUT,1932,Silver,1
145,AUT,1936,Bronze,4
146,AUT,1936,Gold,5
147,AUT,1936,Silver,41
148,AUT,1948,Bronze,3
149,AUT,1948,Gold,1
150,AUT,1952,Bronze,2
151,AUT,1952,Silver,1
152,AUT,1956,Bronze,4
153,AUT,1960,Gold,1
154,AUT,1960,Silver,2
155,AUT,1968,Bronze,3
156,AUT,1968,Silver,2
157,AUT,1972,Bronze,2
158,AUT,1972,Silver,1
159,AUT,1976,Bronze,1
160,AUT,1980,Bronze,1
161,AUT,1980,Gold,1
162,AUT,1980,Silver,3
163,AUT,1984,Bronze,1
164,AUT,1984,Gold,1
165,AUT,1984,Silver,1
166,AUT,1988,Gold,1
167,AUT,1992,Silver,6
168,AUT,1996,Bronze,2
169,AUT,1996,Silver,1
170,AUT,2000,Gold,3
171,AUT,2000,Silver,1
172,AUT,2004,Bronze,1
173,AUT,2004,Gold,3
174,AUT,2004,Silver,4
175,AUT,2008,Bronze,2
176,AUT,2008,Silver,1
177,AZE,1996,Silver,1
178,AZE,2000,Bronze,1
179,AZE,2000,Gold,2
180,AZE,2004,Bronze,4
181,AZE,2004,Gold,1
182,AZE,2008,Bronze,4
183,AZE,2008,Gold,1
184,AZE,2008,Silver,2
185,AZE,2012,Bronze,6
186,AZE,2012,Gold,2
187,AZE,2012,Silver,2
188,BAH,1956,Bronze,2
189,BAH,1964,Gold,2
190,BAH,1992,Bronze,1
191,BAH,1996,Silver,5
192,BAH,2000,Gold,6
193,BAH,2004,Bronze,1
194,BAH,2004,Gold,1
195,BAH,2008,Bronze,1
196,BAH,2008,Silver,4
197,BAH,2012,Gold,4
198,BAR,2000,Bronze,1
199,BDI,1996,Gold,1
200,BEL,1900,Bronze,15
201,BEL,1900,Gold,5
202,BEL,1900,Silver,19
203,BEL,1908,Bronze,6
204,BEL,1908,Gold,1
205,BEL,1908,Silver,24
206,BEL,1912,Bronze,9
207,BEL,1912,Gold,9
208,BEL,1912,Silver,1
209,BEL,1920,Bronze,65
210,BEL,1920,Gold,57
211,BEL,1920,Silver,66
212,BEL,1924,Bronze,6
213,BEL,1924,Gold,3
214,BEL,1924,Silver,29
215,BEL,1928,Bronze,4
216,BEL,1928,Silver,1
217,BEL,1936,Bronze,12
218,BEL,1948,Bronze,8
219,BEL,1948,Gold,4
220,BEL,1948,Silver,2
221,BEL,1952,Gold,4
222,BEL,1952,Silver,3
223,BEL,1956,Silver,2
224,BEL,1960,Bronze,2
225,BEL,1960,Silver,2
226,BEL,1964,Bronze,1
227,BEL,1964,Gold,2
228,BEL,1968,Bronze,2
229,BEL,1968,Silver,1
230,BEL,1972,Silver,2
231,BEL,1976,Bronze,6
232,BEL,1976,Silver,3
233,BEL,1980,Gold,1
234,BEL,1984,Bronze,2
235,BEL,1984,Gold,1
236,BEL,1984,Silver,2
237,BEL,1988,Bronze,2
238,BEL,1992,Bronze,2
239,BEL,1992,Silver,1
240,BEL,1996,Bronze,2
241,BEL,1996,Gold,2
242,BEL,1996,Silver,2
243,BEL,2000,Bronze,4
244,BEL,2000,Silver,3
245,BEL,2004,Bronze,2
246,BEL,2004,Gold,1
247,BEL,2008,Gold,1
248,BEL,2008,Silver,4
249,BEL,2012,Bronze,2
250,BEL,2012,Silver,1
251,BER,1976,Bronze,1
252,BLR,1996,Bronze,16
253,BLR,1996,Gold,1
254,BLR,1996,Silver,6
255,BLR,2000,Bronze,11
256,BLR,2000,Gold,3
257,BLR,2000,Silver,8
258,BLR,2004,Bronze,9
259,BLR,2004,Gold,2
260,BLR,2004,Silver,6
261,BLR,2008,Bronze,17
262,BLR,2008,Gold,8
263,BLR,2008,Silver,5
264,BLR,2012,Bronze,6
265,BLR,2012,Gold,3
266,BLR,2012,Silver,12
267,BOH,1900,Bronze,1
268,BOH,1900,Silver,1
269,BOH,1908,Bronze,5
270,BOT,2012,Silver,1
271,BRA,1920,Bronze,5
272,BRA,1920,Gold,1
273,BRA,1920,Silver,1
274,BRA,1948,Bronze,12
275,BRA,1952,Bronze,2
276,BRA,1952,Gold,1
277,BRA,1956,Gold,1
278,BRA,1960,Bronze,13
279,BRA,1964,Bronze,12
280,BRA,1968,Bronze,3
281,BRA,1968,Silver,1
282,BRA,1972,Bronze,2
283,BRA,1976,Bronze,3
284,BRA,1980,Bronze,5
285,BRA,1980,Gold,4
286,BRA,1984,Bronze,2
287,BRA,1984,Gold,1
288,BRA,1984,Silver,34
289,BRA,1988,Bronze,5
290,BRA,1988,Gold,1
291,BRA,1988,Silver,22
292,BRA,1992,Gold,13
293,BRA,1992,Silver,1
294,BRA,1996,Bronze,44
295,BRA,1996,Gold,5
296,BRA,1996,Silver,15
297,BRA,2000,Bronze,36
298,BRA,2000,Silver,12
299,BRA,2004,Bronze,3
300,BRA,2004,Gold,18
301,BRA,2004,Silver,19
302,BRA,2008,Bronze,27
303,BRA,2008,Gold,14
304,BRA,2008,Silver,34
305,BRA,2012,Bronze,11
306,BRA,2012,Gold,14
307,BRA,2012,Silver,34
308,BRN,2012,Bronze,1
309,BUL,1952,Bronze,1
310,BUL,1956,Bronze,14
311,BUL,1956,Gold,1
312,BUL,1956,Silver,3
313,BUL,1960,Bronze,3
314,BUL,1960,Gold,1
315,BUL,1960,Silver,3
316,BUL,1964,Bronze,2
317,BUL,1964,Gold,3
318,BUL,1964,Silver,5
319,BUL,1968,Bronze,3
320,BUL,1968,Gold,2
321,BUL,1968,Silver,21
322,BUL,1972,Bronze,6
323,BUL,1972,Gold,6
324,BUL,1972,Silver,10
325,BUL,1976,Bronze,18
326,BUL,1976,Gold,8
327,BUL,1976,Silver,13
328,BUL,1980,Bronze,40
329,BUL,1980,Gold,8
330,BUL,1980,Silver,46
331,BUL,1988,Bronze,17
332,BUL,1988,Gold,10
333,BUL,1988,Silver,14
334,BUL,1992,Bronze,7
335,BUL,1992,Gold,3
336,BUL,1992,Silver,7
337,BUL,1996,Bronze,6
338,BUL,1996,Gold,3
339,BUL,1996,Silver,12
340,BUL,2000,Bronze,2
341,BUL,2000,Gold,5
342,BUL,2000,Silver,6
343,BUL,2004,Bronze,14
344,BUL,2004,Gold,2
345,BUL,2004,Silver,1
346,BUL,2008,Bronze,3
347,BUL,2008,Gold,1
348,BUL,2008,Silver,1
349,BUL,2012,Bronze,1
350,BUL,2012,Silver,1
351,BWI,1960,Bronze,5
352,CAN,1900,Bronze,1
353,CAN,1900,Gold,1
354,CAN,1904,Gold,26
355,CAN,1904,Silver,9
356,CAN,1908,Bronze,26
357,CAN,1908,Gold,17
358,CAN,1908,Silver,8
359,CAN,1912,Bronze,3
360,CAN,1912,Gold,3
361,CAN,1912,Silver,2
362,CAN,1920,Bronze,3
363,CAN,1920,Gold,10
364,CAN,1920,Silver,3
365,CAN,1924,Bronze,1
366,CAN,1924,Silver,19
367,CAN,1928,Bronze,21
368,CAN,1928,Gold,7
369,CAN,1928,Silver,5
370,CAN,1932,Bronze,23
371,CAN,1932,Gold,2
372,CAN,1932,Silver,13
373,CAN,1936,Bronze,9
374,CAN,1936,Gold,1
375,CAN,1936,Silver,12
376,CAN,1948,Bronze,5
377,CAN,1948,Silver,1
378,CAN,1952,Gold,1
379,CAN,1952,Silver,3
380,CAN,1956,Bronze,5
381,CAN,1956,Gold,5
382,CAN,1956,Silver,9
383,CAN,1960,Silver,9
384,CAN,1964,Bronze,1
385,CAN,1964,Gold,2
386,CAN,1964,Silver,2
387,CAN,1968,Bronze,4
388,CAN,1968,Gold,3
389,CAN,1968,Silver,3
390,CAN,1972,Bronze,8
391,CAN,1972,Silver,2
392,CAN,1976,Bronze,12
393,CAN,1976,Silver,8
394,CAN,1984,Bronze,32
395,CAN,1984,Gold,19
396,CAN,1984,Silver,35
397,CAN,1988,Bronze,12
398,CAN,1988,Gold,4
399,CAN,1988,Silver,5
400,CAN,1992,Bronze,12
401,CAN,1992,Gold,27
402,CAN,1992,Silver,5
403,CAN,1996,Bronze,12
404,CAN,1996,Gold,8
405,CAN,1996,Silver,31
406,CAN,2000,Bronze,23
407,CAN,2000,Gold,4
408,CAN,2000,Silver,4
409,CAN,2004,Bronze,4
410,CAN,2004,Gold,3
411,CAN,2004,Silver,10
412,CAN,2008,Bronze,10
413,CAN,2008,Gold,11
414,CAN,2008,Silver,13
415,CAN,2012,Bronze,35
416,CAN,2012,Gold,1
417,CAN,2012,Silver,21
418,CHI,1928,Silver,1
419,CHI,1952,Silver,4
420,CHI,1956,Bronze,2
421,CHI,1956,Silver,2
422,CHI,1988,Silver,1
423,CHI,2000,Bronze,18
424,CHI,2004,Bronze,1
425,CHI,2004,Gold,3
426,CHI,2008,Silver,1
427,CHN,1984,Bronze,37
428,CHN,1984,Gold,26
429,CHN,1984,Silver,13
430,CHN,1988,Bronze,31
431,CHN,1988,Gold,6
432,CHN,1988,Silver,16
433,CHN,1992,Bronze,19
434,CHN,1992,Gold,18
435,CHN,1992,Silver,46
436,CHN,1996,Bronze,17
437,CHN,1996,Gold,19
438,CHN,1996,Silver,74
439,CHN,2000,Bronze,17
440,CHN,2000,Gold,39
441,CHN,2000,Silver,23
442,CHN,2004,Bronze,15
443,CHN,2004,Gold,52
444,CHN,2004,Silver,27
445,CHN,2008,Bronze,57
446,CHN,2008,Gold,74
447,CHN,2008,Silver,53
448,CHN,2012,Bronze,28
449,CHN,2012,Gold,56
450,CHN,2012,Silver,44
451,CIV,1984,Silver,1
452,CMR,1968,Silver,1
453,CMR,1984,Bronze,1
454,CMR,2000,Gold,18
455,CMR,2004,Gold,1
456,CMR,2008,Gold,1
457,CMR,2012,Bronze,1
458,COL,1972,Bronze,2
459,COL,1972,Silver,1
460,COL,1984,Silver,1
461,COL,1988,Bronze,1
462,COL,1992,Bronze,1
463,COL,2000,Gold,1
464,COL,2004,Bronze,2
465,COL,2008,Bronze,1
466,COL,2008,Silver,1
467,COL,2012,Bronze,4
468,COL,2012,Gold,1
469,COL,2012,Silver,3
470,CRC,1988,Silver,1
471,CRC,1996,Gold,1
472,CRC,2000,Bronze,2
473,CRO,1992,Bronze,3
474,CRO,1992,Silver,12
475,CRO,1996,Gold,16
476,CRO,1996,Silver,13
477,CRO,2000,Bronze,9
478,CRO,2000,Gold,1
479,CRO,2004,Bronze,3
480,CRO,2004,Gold,14
481,CRO,2004,Silver,3
482,CRO,2008,Bronze,3
483,CRO,2008,Silver,2
484,CRO,2012,Bronze,16
485,CRO,2012,Gold,15
486,CRO,2012,Silver,4
487,CUB,1900,Gold,1
488,CUB,1900,Silver,1
489,CUB,1904,Bronze,3
490,CUB,1904,Gold,4
491,CUB,1904,Silver,2
492,CUB,1948,Silver,2
493,CUB,1964,Silver,1
494,CUB,1968,Silver,10
495,CUB,1972,Bronze,18
496,CUB,1972,Gold,3
497,CUB,1972,Silver,1
498,CUB,1976,Bronze,14
499,CUB,1976,Gold,6
500,CUB,1976,Silver,4
501,CUB,1980,Bronze,5
502,CUB,1980,Gold,8
503,CUB,1980,Silver,7
504,CUB,1992,Bronze,14
505,CUB,1992,Gold,44
506,CUB,1992,Silver,13
507,CUB,1996,Bronze,10
508,CUB,1996,Gold,39
509,CUB,1996,Silver,8
510,CUB,2000,Bronze,12
511,CUB,2000,Gold,22
512,CUB,2000,Silver,35
513,CUB,2004,Bronze,22
514,CUB,2004,Gold,31
515,CUB,2004,Silver,8
516,CUB,2008,Bronze,11
517,CUB,2008,Gold,2
518,CUB,2008,Silver,34
519,CUB,2012,Bronze,7
520,CUB,2012,Gold,5
521,CUB,2012,Silver,3
522,CYP,2012,Silver,1
523,CZE,1996,Bronze,4
524,CZE,1996,Gold,4
525,CZE,1996,Silver,5
526,CZE,2000,Bronze,4
527,CZE,2000,Gold,2
528,CZE,2000,Silver,3
529,CZE,2004,Bronze,5
530,CZE,2004,Gold,1
531,CZE,2004,Silver,6
532,CZE,2008,Gold,3
533,CZE,2008,Silver,4
534,CZE,2012,Bronze,7
535,CZE,2012,Gold,4
536,CZE,2012,Silver,4
537,DEN,1896,Bronze,3
538,DEN,1896,Gold,1
539,DEN,1896,Silver,2
540,DEN,1900,Bronze,2
541,DEN,1900,Gold,1
542,DEN,1900,Silver,3
543,DEN,1908,Bronze,3
544,DEN,1908,Silver,12
545,DEN,1912,Bronze,34
546,DEN,1912,Gold,5
547,DEN,1912,Silver,45
548,DEN,1920,Bronze,1
549,DEN,1920,Gold,30
550,DEN,1920,Silver,44
551,DEN,1924,Bronze,2
552,DEN,1924,Gold,2
553,DEN,1924,Silver,8
554,DEN,1928,Bronze,3
555,DEN,1928,Gold,5
556,DEN,1928,Silver,5
557,DEN,1932,Bronze,4
558,DEN,1932,Silver,5
559,DEN,1936,Bronze,3
560,DEN,1936,Silver,3
561,DEN,1948,Bronze,27
562,DEN,1948,Gold,7
563,DEN,1948,Silver,15
564,DEN,1952,Bronze,5
565,DEN,1952,Gold,3
566,DEN,1952,Silver,1
567,DEN,1956,Bronze,1
568,DEN,1956,Gold,1
569,DEN,1956,Silver,5
570,DEN,1960,Bronze,4
571,DEN,1960,Gold,2
572,DEN,1960,Silver,17
573,DEN,1964,Bronze,4
574,DEN,1964,Gold,7
575,DEN,1964,Silver,1
576,DEN,1968,Bronze,6
577,DEN,1968,Gold,4
578,DEN,1968,Silver,6
579,DEN,1972,Gold,1
580,DEN,1976,Bronze,5
581,DEN,1976,Gold,3
582,DEN,1980,Bronze,2
583,DEN,1980,Gold,4
584,DEN,1980,Silver,2
585,DEN,1984,Bronze,10
586,DEN,1984,Silver,5
587,DEN,1988,Bronze,3
588,DEN,1988,Gold,3
589,DEN,1988,Silver,1
590,DEN,1992,Bronze,9
591,DEN,1992,Gold,3
592,DEN,1992,Silver,2
593,DEN,1996,Bronze,1
594,DEN,1996,Gold,22
595,DEN,1996,Silver,1
596,DEN,2000,Bronze,4
597,DEN,2000,Gold,18
598,DEN,2000,Silver,3
599,DEN,2004,Bronze,10
600,DEN,2004,Gold,19
601,DEN,2008,Bronze,6
602,DEN,2008,Gold,6
603,DEN,2008,Silver,6
604,DEN,2012,Bronze,8
605,DEN,2012,Gold,3
606,DEN,2012,Silver,5
607,DJI,1988,Bronze,1
608,DOM,1984,Bronze,1
609,DOM,2004,Gold,1
610,DOM,2008,Gold,1
611,DOM,2008,Silver,1
612,DOM,2012,Gold,1
613,DOM,2012,Silver,1
614,ECU,1996,Gold,1
615,ECU,2008,Silver,1
616,EGY,1928,Bronze,1
617,EGY,1928,Gold,2
618,EGY,1928,Silver,1
619,EGY,1936,Bronze,2
620,EGY,1936,Gold,2
621,EGY,1936,Silver,1
622,EGY,1948,Bronze,1
623,EGY,1948,Gold,2
624,EGY,1948,Silver,2
625,EGY,1952,Bronze,1
626,EGY,1960,Bronze,1
627,EGY,1960,Silver,1
628,EGY,1984,Silver,1
629,EGY,2004,Bronze,3
630,EGY,2004,Gold,1
631,EGY,2004,Silver,1
632,EGY,2008,Bronze,1
633,EGY,2012,Bronze,1
634,EGY,2012,Silver,3
635,ERI,2004,Bronze,1
636,ESP,1900,Gold,2
637,ESP,1920,Silver,24
638,ESP,1928,Gold,3
639,ESP,1932,Bronze,1
640,ESP,1948,Silver,3
641,ESP,1952,Silver,1
642,ESP,1960,Bronze,14
643,ESP,1972,Bronze,1
644,ESP,1976,Silver,6
645,ESP,1980,Bronze,3
646,ESP,1980,Gold,2
647,ESP,1980,Silver,19
648,ESP,1984,Bronze,3
649,ESP,1984,Gold,2
650,ESP,1984,Silver,14
651,ESP,1988,Bronze,2
652,ESP,1988,Gold,1
653,ESP,1988,Silver,2
654,ESP,1992,Bronze,2
655,ESP,1992,Gold,44
656,ESP,1992,Silver,20
657,ESP,1996,Bronze,22
658,ESP,1996,Gold,24
659,ESP,1996,Silver,21
660,ESP,2000,Bronze,20
661,ESP,2000,Gold,3
662,ESP,2000,Silver,20
663,ESP,2004,Bronze,8
664,ESP,2004,Gold,4
665,ESP,2004,Silver,15
666,ESP,2008,Bronze,16
667,ESP,2008,Gold,7
668,ESP,2008,Silver,48
669,ESP,2012,Bronze,25
670,ESP,2012,Gold,6
671,ESP,2012,Silver,34
672,EST,1920,Gold,1
673,EST,1920,Silver,2
674,EST,1924,Bronze,4
675,EST,1924,Gold,1
676,EST,1924,Silver,1
677,EST,1928,Bronze,6
678,EST,1928,Gold,2
679,EST,1928,Silver,1
680,EST,1936,Bronze,3
681,EST,1936,Gold,2
682,EST,1936,Silver,2
683,EST,1992,Bronze,2
684,EST,1992,Gold,1
685,EST,2000,Bronze,2
686,EST,2000,Gold,1
687,EST,2004,Bronze,2
688,EST,2004,Silver,1
689,EST,2008,Gold,1
690,EST,2008,Silver,2
691,EST,2012,Bronze,1
692,EST,2012,Silver,1
693,ETH,1960,Gold,1
694,ETH,1964,Gold,1
695,ETH,1968,Gold,1
696,ETH,1968,Silver,1
697,ETH,1972,Bronze,2
698,ETH,1980,Bronze,2
699,ETH,1980,Gold,2
700,ETH,1992,Bronze,2
701,ETH,1992,Gold,1
702,ETH,1996,Bronze,1
703,ETH,1996,Gold,2
704,ETH,2000,Bronze,3
705,ETH,2000,Gold,4
706,ETH,2000,Silver,1
707,ETH,2004,Bronze,2
708,ETH,2004,Gold,2
709,ETH,2004,Silver,3
710,ETH,2008,Bronze,2
711,ETH,2008,Gold,4
712,ETH,2008,Silver,1
713,ETH,2012,Bronze,2
714,ETH,2012,Gold,3
715,ETH,2012,Silver,2
716,EUA,1956,Bronze,22
717,EUA,1956,Gold,12
718,EUA,1956,Silver,23
719,EUA,1960,Bronze,21
720,EUA,1960,Gold,34
721,EUA,1960,Silver,33
722,EUA,1964,Bronze,49
723,EUA,1964,Gold,22
724,EUA,1964,Silver,44
725,EUN,1992,Bronze,66
726,EUN,1992,Gold,92
727,EUN,1992,Silver,65
728,FIN,1908,Bronze,27
729,FIN,1908,Gold,1
730,FIN,1908,Silver,1
731,FIN,1912,Bronze,22
732,FIN,1912,Gold,9
733,FIN,1912,Silver,36
734,FIN,1920,Bronze,17
735,FIN,1920,Gold,18
736,FIN,1920,Silver,14
737,FIN,1924,Bronze,15
738,FIN,1924,Gold,24
739,FIN,1924,Silver,13
740,FIN,1928,Bronze,9
741,FIN,1928,Gold,8
742,FIN,1928,Silver,8
743,FIN,1932,Bronze,16
744,FIN,1932,Gold,5
745,FIN,1932,Silver,8
746,FIN,1936,Bronze,13
747,FIN,1936,Gold,7
748,FIN,1936,Silver,6
749,FIN,1948,Bronze,7
750,FIN,1948,Gold,15
751,FIN,1948,Silver,7
752,FIN,1952,Bronze,29
753,FIN,1952,Gold,8
754,FIN,1952,Silver,3
755,FIN,1956,Bronze,22
756,FIN,1956,Gold,3
757,FIN,1956,Silver,1
758,FIN,1960,Bronze,4
759,FIN,1960,Gold,1
760,FIN,1960,Silver,1
761,FIN,1964,Bronze,2
762,FIN,1964,Gold,3
763,FIN,1968,Bronze,1
764,FIN,1968,Gold,1
765,FIN,1968,Silver,2
766,FIN,1972,Bronze,6
767,FIN,1972,Gold,3
768,FIN,1972,Silver,1
769,FIN,1976,Gold,4
770,FIN,1976,Silver,2
771,FIN,1980,Bronze,5
772,FIN,1980,Gold,3
773,FIN,1980,Silver,1
774,FIN,1984,Bronze,6
775,FIN,1984,Gold,4
776,FIN,1984,Silver,2
777,FIN,1988,Bronze,2
778,FIN,1988,Gold,1
779,FIN,1988,Silver,1
780,FIN,1992,Bronze,2
781,FIN,1992,Gold,1
782,FIN,1992,Silver,4
783,FIN,1996,Bronze,1
784,FIN,1996,Gold,1
785,FIN,1996,Silver,2
786,FIN,2000,Bronze,1
787,FIN,2000,Gold,3
788,FIN,2000,Silver,1
789,FIN,2004,Silver,2
790,FIN,2008,Bronze,2
791,FIN,2008,Gold,1
792,FIN,2008,Silver,2
793,FIN,2012,Bronze,3
794,FIN,2012,Silver,2
795,FRA,1896,Bronze,2
796,FRA,1896,Gold,5
797,FRA,1896,Silver,4
798,FRA,1900,Bronze,53
799,FRA,1900,Gold,46
800,FRA,1900,Silver,86
801,FRA,1908,Bronze,21
802,FRA,1908,Gold,9
803,FRA,1908,Silver,5
804,FRA,1912,Bronze,5
805,FRA,1912,Gold,10
806,FRA,1912,Silver,10
807,FRA,1920,Bronze,55
808,FRA,1920,Gold,13
809,FRA,1920,Silver,73
810,FRA,1924,Bronze,20
811,FRA,1924,Gold,39
812,FRA,1924,Silver,63
813,FRA,1928,Bronze,13
814,FRA,1928,Gold,7
815,FRA,1928,Silver,16
816,FRA,1932,Bronze,6
817,FRA,1932,Gold,23
818,FRA,1932,Silver,8
819,FRA,1936,Bronze,18
820,FRA,1936,Gold,12
821,FRA,1936,Silver,13
822,FRA,1948,Bronze,21
823,FRA,1948,Gold,25
824,FRA,1948,Silver,22
825,FRA,1952,Bronze,16
826,FRA,1952,Gold,14
827,FRA,1952,Silver,9
828,FRA,1956,Bronze,13
829,FRA,1956,Gold,6
830,FRA,1956,Silver,13
831,FRA,1960,Bronze,5
832,FRA,1960,Silver,6
833,FRA,1964,Bronze,17
834,FRA,1964,Gold,1
835,FRA,1964,Silver,13
836,FRA,1968,Bronze,10
837,FRA,1968,Gold,12
838,FRA,1968,Silver,5
839,FRA,1972,Bronze,15
840,FRA,1972,Gold,2
841,FRA,1972,Silver,5
842,FRA,1976,Bronze,8
843,FRA,1976,Gold,5
844,FRA,1976,Silver,7
845,FRA,1980,Bronze,6
846,FRA,1980,Gold,18
847,FRA,1980,Silver,5
848,FRA,1984,Bronze,31
849,FRA,1984,Gold,21
850,FRA,1984,Silver,16
851,FRA,1988,Bronze,13
852,FRA,1988,Gold,12
853,FRA,1988,Silver,4
854,FRA,1992,Bronze,43
855,FRA,1992,Gold,9
856,FRA,1992,Silver,5
857,FRA,1996,Bronze,20
858,FRA,1996,Gold,21
859,FRA,1996,Silver,10
860,FRA,2000,Bronze,14
861,FRA,2000,Gold,22
862,FRA,2000,Silver,30
863,FRA,2004,Bronze,22
864,FRA,2004,Gold,21
865,FRA,2004,Silver,10
866,FRA,2008,Bronze,28
867,FRA,2008,Gold,25
868,FRA,2008,Silver,23
869,FRA,2012,Bronze,22
870,FRA,2012,Gold,30
871,FRA,2012,Silver,30
872,FRG,1968,Bronze,18
873,FRG,1968,Gold,16
874,FRG,1968,Silver,15
875,FRG,1972,Bronze,36
876,FRG,1972,Gold,43
877,FRG,1972,Silver,17
878,FRG,1976,Bronze,30
879,FRG,1976,Gold,21
880,FRG,1976,Silver,24
881,FRG,1984,Bronze,52
882,FRG,1984,Gold,31
883,FRG,1984,Silver,74
884,FRG,1988,Bronze,44
885,FRG,1988,Gold,32
886,FRG,1988,Silver,37
887,GAB,2012,Silver,1
888,GBR,1896,Bronze,2
889,GBR,1896,Gold,2
890,GBR,1896,Silver,3
891,GBR,1900,Bronze,10
892,GBR,1900,Gold,48
893,GBR,1900,Silver,20
894,GBR,1904,Gold,1
895,GBR,1904,Silver,1
896,GBR,1908,Bronze,68
897,GBR,1908,Gold,144
898,GBR,1908,Silver,135
899,GBR,1912,Bronze,58
900,GBR,1912,Gold,44
901,GBR,1912,Silver,58
902,GBR,1920,Bronze,17
903,GBR,1920,Gold,55
904,GBR,1920,Silver,35
905,GBR,1924,Bronze,20
906,GBR,1924,Gold,17
907,GBR,1924,Silver,29
908,GBR,1928,Bronze,24
909,GBR,1928,Gold,6
910,GBR,1928,Silver,25
911,GBR,1932,Bronze,14
912,GBR,1932,Gold,8
913,GBR,1932,Silver,12
914,GBR,1936,Bronze,8
915,GBR,1936,Gold,12
916,GBR,1936,Silver,16
917,GBR,1948,Bronze,11
918,GBR,1948,Gold,6
919,GBR,1948,Silver,39
920,GBR,1952,Bronze,26
921,GBR,1952,Gold,3
922,GBR,1952,Silver,2
923,GBR,1956,Bronze,22
924,GBR,1956,Gold,8
925,GBR,1956,Silver,15
926,GBR,1960,Bronze,15
927,GBR,1960,Gold,2
928,GBR,1960,Silver,11
929,GBR,1964,Bronze,5
930,GBR,1964,Gold,4
931,GBR,1964,Silver,19
932,GBR,1968,Bronze,5
933,GBR,1968,Gold,8
934,GBR,1968,Silver,5
935,GBR,1972,Bronze,12
936,GBR,1972,Gold,8
937,GBR,1972,Silver,9
938,GBR,1976,Bronze,11
939,GBR,1976,Gold,6
940,GBR,1976,Silver,15
941,GBR,1980,Bronze,22
942,GBR,1980,Gold,5
943,GBR,1980,Silver,18
944,GBR,1984,Bronze,43
945,GBR,1984,Gold,9
946,GBR,1984,Silver,20
947,GBR,1988,Bronze,15
948,GBR,1988,Gold,22
949,GBR,1988,Silver,16
950,GBR,1992,Bronze,39
951,GBR,1992,Gold,8
952,GBR,1992,Silver,3
953,GBR,1996,Bronze,9
954,GBR,1996,Gold,2
955,GBR,1996,Silver,15
956,GBR,2000,Bronze,13
957,GBR,2000,Gold,22
958,GBR,2000,Silver,20
959,GBR,2004,Bronze,15
960,GBR,2004,Gold,17
961,GBR,2004,Silver,25
962,GBR,2008,Bronze,21
963,GBR,2008,Gold,31
964,GBR,2008,Silver,25
965,GBR,2012,Bronze,48
966,GBR,2012,Gold,48
967,GBR,2012,Silver,30
968,GDR,1968,Bronze,19
969,GDR,1968,Gold,13
970,GDR,1968,Silver,19
971,GDR,1972,Bronze,56
972,GDR,1972,Gold,30
973,GDR,1972,Silver,62
974,GDR,1976,Bronze,42
975,GDR,1976,Gold,99
976,GDR,1976,Silver,51
977,GDR,1980,Bronze,61
978,GDR,1980,Gold,112
979,GDR,1980,Silver,87
980,GDR,1988,Bronze,47
981,GDR,1988,Gold,75
982,GDR,1988,Silver,52
983,GEO,1996,Bronze,2
984,GEO,2000,Bronze,6
985,GEO,2004,Gold,2
986,GEO,2004,Silver,2
987,GEO,2008,Bronze,3
988,GEO,2008,Gold,3
989,GEO,2012,Bronze,3
990,GEO,2012,Gold,1
991,GEO,2012,Silver,3
992,GER,1896,Bronze,2
993,GER,1896,Gold,26
994,GER,1896,Silver,5
995,GER,1900,Bronze,10
996,GER,1900,Gold,11
997,GER,1900,Silver,19
998,GER,1904,Bronze,5
999,GER,1904,Gold,4
1000,GER,1904,Silver,4
1001,GER,1908,Bronze,7
1002,GER,1908,Gold,4
1003,GER,1908,Silver,11
1004,GER,1912,Bronze,23
1005,GER,1912,Gold,10
1006,GER,1912,Silver,19
1007,GER,1928,Bronze,39
1008,GER,1928,Gold,20
1009,GER,1928,Silver,13
1010,GER,1932,Bronze,5
1011,GER,1932,Gold,7
1012,GER,1932,Silver,26
1013,GER,1936,Bronze,59
1014,GER,1936,Gold,88
1015,GER,1936,Silver,63
1016,GER,1952,Bronze,26
1017,GER,1952,Silver,14
1018,GER,1992,Bronze,60
1019,GER,1992,Gold,81
1020,GER,1992,Silver,57
1021,GER,1996,Bronze,47
1022,GER,1996,Gold,42
1023,GER,1996,Silver,35
1024,GER,2000,Bronze,65
1025,GER,2000,Gold,31
1026,GER,2000,Silver,23
1027,GER,2004,Bronze,63
1028,GER,2004,Gold,41
1029,GER,2004,Silver,45
1030,GER,2008,Bronze,43
1031,GER,2008,Gold,42
1032,GER,2008,Silver,16
1033,GER,2012,Bronze,21
1034,GER,2012,Gold,45
1035,GER,2012,Silver,28
1036,GHA,1960,Silver,1
1037,GHA,1964,Bronze,1
1038,GHA,1972,Bronze,1
1039,GHA,1992,Bronze,13
1040,GRE,1896,Bronze,22
1041,GRE,1896,Gold,10
1042,GRE,1896,Silver,20
1043,GRE,1904,Bronze,1
1044,GRE,1904,Gold,1
1045,GRE,1908,Silver,3
1046,GRE,1912,Bronze,1
1047,GRE,1912,Gold,1
1048,GRE,1920,Silver,5
1049,GRE,1956,Bronze,1
1050,GRE,1960,Gold,3
1051,GRE,1968,Bronze,1
1052,GRE,1972,Silver,2
1053,GRE,1980,Bronze,4
1054,GRE,1980,Gold,1
1055,GRE,1984,Bronze,1
1056,GRE,1984,Silver,1
1057,GRE,1988,Bronze,1
1058,GRE,1992,Gold,2
1059,GRE,1996,Gold,4
1060,GRE,1996,Silver,4
1061,GRE,2000,Bronze,8
1062,GRE,2000,Gold,4
1063,GRE,2000,Silver,6
1064,GRE,2004,Bronze,5
1065,GRE,2004,Gold,8
1066,GRE,2004,Silver,18
1067,GRE,2008,Bronze,4
1068,GRE,2008,Silver,3
1069,GRE,2012,Bronze,3
1070,GRN,2012,Gold,1
1071,GUA,2012,Silver,1
1072,GUY,1980,Bronze,1
1073,HAI,1924,Bronze,7
1074,HAI,1928,Silver,1
1075,HKG,1996,Gold,1
1076,HKG,2004,Silver,2
1077,HKG,2012,Bronze,1
1078,HUN,1896,Bronze,3
1079,HUN,1896,Gold,2
1080,HUN,1896,Silver,1
1081,HUN,1900,Bronze,2
1082,HUN,1900,Gold,1
1083,HUN,1900,Silver,2
1084,HUN,1904,Bronze,1
1085,HUN,1904,Gold,2
1086,HUN,1904,Silver,1
1087,HUN,1908,Bronze,5
1088,HUN,1908,Gold,6
1089,HUN,1908,Silver,7
1090,HUN,1912,Bronze,3
1091,HUN,1912,Gold,10
1092,HUN,1912,Silver,17
1093,HUN,1924,Bronze,8
1094,HUN,1924,Gold,2
1095,HUN,1924,Silver,10
1096,HUN,1928,Gold,9
1097,HUN,1928,Silver,11
1098,HUN,1932,Bronze,8
1099,HUN,1932,Gold,20
1100,HUN,1932,Silver,4
1101,HUN,1936,Bronze,16
1102,HUN,1936,Gold,25
1103,HUN,1936,Silver,1
1104,HUN,1948,Bronze,21
1105,HUN,1948,Gold,15
1106,HUN,1948,Silver,24
1107,HUN,1952,Bronze,32
1108,HUN,1952,Gold,52
1109,HUN,1952,Silver,17
1110,HUN,1956,Bronze,14
1111,HUN,1956,Gold,30
1112,HUN,1956,Silver,20
1113,HUN,1960,Bronze,36
1114,HUN,1960,Gold,13
1115,HUN,1960,Silver,16
1116,HUN,1964,Bronze,7
1117,HUN,1964,Gold,42
1118,HUN,1964,Silver,7
1119,HUN,1968,Bronze,29
1120,HUN,1968,Gold,32
1121,HUN,1968,Silver,20
1122,HUN,1972,Bronze,25
1123,HUN,1972,Gold,10
1124,HUN,1972,Silver,46
1125,HUN,1976,Bronze,35
1126,HUN,1976,Gold,14
1127,HUN,1976,Silver,6
1128,HUN,1980,Bronze,40
1129,HUN,1980,Gold,8
1130,HUN,1980,Silver,13
1131,HUN,1988,Bronze,15
1132,HUN,1988,Gold,20
1133,HUN,1988,Silver,9
1134,HUN,1992,Bronze,8
1135,HUN,1992,Gold,14
1136,HUN,1992,Silver,23
1137,HUN,1996,Bronze,26
1138,HUN,1996,Gold,8
1139,HUN,1996,Silver,9
1140,HUN,2000,Bronze,4
1141,HUN,2000,Gold,25
1142,HUN,2000,Silver,24
1143,HUN,2004,Bronze,4
1144,HUN,2004,Gold,24
1145,HUN,2004,Silver,12
1146,HUN,2008,Bronze,3
1147,HUN,2008,Gold,16
1148,HUN,2008,Silver,8
1149,HUN,2012,Bronze,6
1150,HUN,2012,Gold,12
1151,HUN,2012,Silver,8
1152,INA,1988,Silver,3
1153,INA,1992,Bronze,1
1154,INA,1992,Gold,2
1155,INA,1992,Silver,3
1156,INA,1996,Bronze,3
1157,INA,1996,Gold,2
1158,INA,1996,Silver,1
1159,INA,2000,Bronze,2
1160,INA,2000,Gold,2
1161,INA,2000,Silver,4
1162,INA,2004,Bronze,3
1163,INA,2004,Gold,1
1164,INA,2004,Silver,1
1165,INA,2008,Bronze,3
1166,INA,2008,Gold,2
1167,INA,2008,Silver,2
1168,INA,2012,Bronze,1
1169,INA,2012,Silver,2
1170,IND,1900,Silver,2
1171,IND,1928,Gold,15
1172,IND,1932,Gold,11
1173,IND,1936,Gold,19
1174,IND,1948,Gold,20
1175,IND,1952,Bronze,1
1176,IND,1952,Gold,14
1177,IND,1956,Gold,17
1178,IND,1960,Silver,13
1179,IND,1964,Gold,15
1180,IND,1968,Bronze,15
1181,IND,1972,Bronze,14
1182,IND,1980,Gold,16
1183,IND,1996,Bronze,1
1184,IND,2000,Bronze,1
1185,IND,2004,Silver,1
1186,IND,2008,Bronze,2
1187,IND,2008,Gold,1
1188,IND,2012,Bronze,4
1189,IND,2012,Silver,2
1190,IOP,1992,Bronze,2
1191,IOP,1992,Silver,1
1192,IRI,1948,Bronze,1
1193,IRI,1952,Bronze,4
1194,IRI,1952,Silver,3
1195,IRI,1956,Bronze,1
1196,IRI,1956,Gold,2
1197,IRI,1956,Silver,2
1198,IRI,1960,Bronze,3
1199,IRI,1960,Silver,1
1200,IRI,1964,Bronze,2
1201,IRI,1968,Bronze,2
1202,IRI,1968,Gold,2
1203,IRI,1968,Silver,1
1204,IRI,1972,Bronze,1
1205,IRI,1972,Silver,2
1206,IRI,1976,Bronze,1
1207,IRI,1976,Silver,1
1208,IRI,1988,Silver,1
1209,IRI,1992,Bronze,2
1210,IRI,1992,Silver,1
1211,IRI,1996,Bronze,1
1212,IRI,1996,Gold,1
1213,IRI,1996,Silver,1
1214,IRI,2000,Bronze,1
1215,IRI,2000,Gold,3
1216,IRI,2004,Bronze,2
1217,IRI,2004,Gold,2
1218,IRI,2004,Silver,2
1219,IRI,2008,Bronze,1
1220,IRI,2008,Gold,1
1221,IRI,2012,Bronze,2
1222,IRI,2012,Gold,5
1223,IRI,2012,Silver,6
1224,IRL,1928,Gold,1
1225,IRL,1932,Gold,2
1226,IRL,1952,Silver,1
1227,IRL,1956,Bronze,3
1228,IRL,1956,Gold,1
1229,IRL,1956,Silver,1
1230,IRL,1964,Bronze,1
1231,IRL,1980,Bronze,1
1232,IRL,1980,Silver,2
1233,IRL,1984,Silver,1
1234,IRL,1992,Gold,1
1235,IRL,1992,Silver,1
1236,IRL,1996,Bronze,1
1237,IRL,1996,Gold,3
1238,IRL,2000,Silver,1
1239,IRL,2008,Bronze,2
1240,IRL,2008,Silver,1
1241,IRL,2012,Bronze,4
1242,IRL,2012,Gold,1
1243,IRL,2012,Silver,1
1244,IRQ,1960,Bronze,1
1245,ISL,1956,Silver,1
1246,ISL,1984,Bronze,1
1247,ISL,2000,Bronze,1
1248,ISL,2008,Silver,14
1249,ISR,1992,Bronze,1
1250,ISR,1992,Silver,1
1251,ISR,1996,Bronze,1
1252,ISR,2000,Bronze,1
1253,ISR,2004,Bronze,1
1254,ISR,2004,Gold,1
1255,ISR,2008,Bronze,1
1256,ISV,1988,Silver,1
1257,ITA,1900,Gold,2
1258,ITA,1900,Silver,2
1259,ITA,1908,Gold,2
1260,ITA,1908,Silver,5
1261,ITA,1912,Bronze,2
1262,ITA,1912,Gold,18
1263,ITA,1912,Silver,1
1264,ITA,1920,Bronze,7
1265,ITA,1920,Gold,68
1266,ITA,1920,Silver,9
1267,ITA,1924,Bronze,21
1268,ITA,1924,Gold,25
1269,ITA,1924,Silver,5
1270,ITA,1928,Bronze,31
1271,ITA,1928,Gold,18
1272,ITA,1928,Silver,21
1273,ITA,1932,Bronze,18
1274,ITA,1932,Gold,21
1275,ITA,1932,Silver,38
1276,ITA,1936,Bronze,5
1277,ITA,1936,Gold,36
1278,ITA,1936,Silver,30
1279,ITA,1948,Bronze,12
1280,ITA,1948,Gold,20
1281,ITA,1948,Silver,31
1282,ITA,1952,Bronze,15
1283,ITA,1952,Gold,17
1284,ITA,1952,Silver,21
1285,ITA,1956,Bronze,10
1286,ITA,1956,Gold,25
1287,ITA,1956,Silver,11
1288,ITA,1960,Bronze,34
1289,ITA,1960,Gold,36
1290,ITA,1960,Silver,18
1291,ITA,1964,Bronze,9
1292,ITA,1964,Gold,13
1293,ITA,1964,Silver,28
1294,ITA,1968,Bronze,19
1295,ITA,1968,Gold,5
1296,ITA,1968,Silver,8
1297,ITA,1972,Bronze,13
1298,ITA,1972,Gold,9
1299,ITA,1972,Silver,3
1300,ITA,1976,Bronze,4
1301,ITA,1976,Gold,2
1302,ITA,1976,Silver,25
1303,ITA,1980,Bronze,8
1304,ITA,1980,Gold,8
1305,ITA,1980,Silver,21
1306,ITA,1984,Bronze,28
1307,ITA,1984,Gold,29
1308,ITA,1984,Silver,6
1309,ITA,1988,Bronze,8
1310,ITA,1988,Gold,11
1311,ITA,1988,Silver,10
1312,ITA,1992,Bronze,14
1313,ITA,1992,Gold,22
1314,ITA,1992,Silver,10
1315,ITA,1996,Bronze,28
1316,ITA,1996,Gold,19
1317,ITA,1996,Silver,24
1318,ITA,2000,Bronze,29
1319,ITA,2000,Gold,22
1320,ITA,2000,Silver,14
1321,ITA,2004,Bronze,39
1322,ITA,2004,Gold,24
1323,ITA,2004,Silver,39
1324,ITA,2008,Bronze,20
1325,ITA,2008,Gold,8
1326,ITA,2008,Silver,14
1327,ITA,2012,Bronze,30
1328,ITA,2012,Gold,16
1329,ITA,2012,Silver,22
1330,JAM,1948,Gold,1
1331,JAM,1948,Silver,2
1332,JAM,1952,Gold,5
1333,JAM,1952,Silver,3
1334,JAM,1968,Silver,1
1335,JAM,1972,Bronze,1
1336,JAM,1976,Gold,1
1337,JAM,1976,Silver,1
1338,JAM,1980,Bronze,3
1339,JAM,1984,Bronze,2
1340,JAM,1984,Silver,4
1341,JAM,1988,Silver,5
1342,JAM,1992,Bronze,1
1343,JAM,1992,Silver,3
1344,JAM,1996,Bronze,12
1345,JAM,1996,Gold,1
1346,JAM,1996,Silver,3
1347,JAM,2000,Bronze,9
1348,JAM,2000,Silver,14
1349,JAM,2004,Bronze,6
1350,JAM,2004,Gold,6
1351,JAM,2004,Silver,1
1352,JAM,2008,Bronze,5
1353,JAM,2008,Gold,9
1354,JAM,2008,Silver,3
1355,JAM,2012,Bronze,8
1356,JAM,2012,Gold,8
1357,JAM,2012,Silver,9
1358,JPN,1920,Silver,3
1359,JPN,1924,Bronze,1
1360,JPN,1928,Bronze,1
1361,JPN,1928,Gold,2
1362,JPN,1928,Silver,5
1363,JPN,1932,Bronze,4
1364,JPN,1932,Gold,10
1365,JPN,1932,Silver,17
1366,JPN,1936,Bronze,8
1367,JPN,1936,Gold,9
1368,JPN,1936,Silver,4
1369,JPN,1952,Bronze,2
1370,JPN,1952,Gold,1
1371,JPN,1952,Silver,9
1372,JPN,1956,Bronze,5
1373,JPN,1956,Gold,4
1374,JPN,1956,Silver,15
1375,JPN,1960,Bronze,10
1376,JPN,1960,Gold,9
1377,JPN,1960,Silver,10
1378,JPN,1964,Bronze,27
1379,JPN,1964,Gold,32
1380,JPN,1964,Silver,5
1381,JPN,1968,Bronze,22
1382,JPN,1968,Gold,16
1383,JPN,1968,Silver,29
1384,JPN,1972,Bronze,8
1385,JPN,1972,Gold,29
1386,JPN,1972,Silver,19
1387,JPN,1976,Bronze,10
1388,JPN,1976,Gold,25
1389,JPN,1976,Silver,6
1390,JPN,1984,Bronze,31
1391,JPN,1984,Gold,10
1392,JPN,1984,Silver,8
1393,JPN,1988,Bronze,13
1394,JPN,1988,Gold,4
1395,JPN,1988,Silver,3
1396,JPN,1992,Bronze,36
1397,JPN,1992,Gold,3
1398,JPN,1992,Silver,8
1399,JPN,1996,Bronze,14
1400,JPN,1996,Gold,3
1401,JPN,1996,Silver,26
1402,JPN,2000,Bronze,8
1403,JPN,2000,Gold,5
1404,JPN,2000,Silver,30
1405,JPN,2004,Bronze,53
1406,JPN,2004,Gold,21
1407,JPN,2004,Silver,20
1408,JPN,2008,Bronze,17
1409,JPN,2008,Gold,23
1410,JPN,2008,Silver,11
1411,JPN,2012,Bronze,33
1412,JPN,2012,Gold,7
1413,JPN,2012,Silver,44
1414,KAZ,1996,Bronze,4
1415,KAZ,1996,Gold,3
1416,KAZ,1996,Silver,4
1417,KAZ,2000,Gold,3
1418,KAZ,2000,Silver,4
1419,KAZ,2004,Bronze,3
1420,KAZ,2004,Gold,1
1421,KAZ,2004,Silver,4
1422,KAZ,2008,Bronze,7
1423,KAZ,2008,Gold,2
1424,KAZ,2008,Silver,4
1425,KAZ,2012,Bronze,6
1426,KAZ,2012,Gold,3
1427,KAZ,2012,Silver,1
1428,KEN,1964,Bronze,1
1429,KEN,1968,Bronze,2
1430,KEN,1968,Gold,3
1431,KEN,1968,Silver,7
1432,KEN,1972,Bronze,4
1433,KEN,1972,Gold,5
1434,KEN,1972,Silver,3
1435,KEN,1984,Bronze,2
1436,KEN,1984,Gold,1
1437,KEN,1988,Bronze,2
1438,KEN,1988,Gold,5
1439,KEN,1988,Silver,2
1440,KEN,1992,Bronze,2
1441,KEN,1992,Gold,2
1442,KEN,1992,Silver,4
1443,KEN,1996,Bronze,3
1444,KEN,1996,Gold,1
1445,KEN,1996,Silver,4
1446,KEN,2000,Bronze,2
1447,KEN,2000,Gold,2
1448,KEN,2000,Silver,3
1449,KEN,2004,Bronze,2
1450,KEN,2004,Gold,1
1451,KEN,2004,Silver,4
1452,KEN,2008,Bronze,4
1453,KEN,2008,Gold,6
1454,KEN,2008,Silver,4
1455,KEN,2012,Bronze,6
1456,KEN,2012,Gold,2
1457,KEN,2012,Silver,4
1458,KGZ,2000,Bronze,1
1459,KGZ,2008,Bronze,1
1460,KGZ,2008,Silver,1
1461,KOR,1948,Bronze,2
1462,KOR,1952,Bronze,2
1463,KOR,1956,Bronze,1
1464,KOR,1956,Silver,1
1465,KOR,1964,Bronze,1
1466,KOR,1964,Silver,2
1467,KOR,1968,Bronze,1
1468,KOR,1968,Silver,1
1469,KOR,1972,Silver,1
1470,KOR,1976,Bronze,15
1471,KOR,1976,Gold,1
1472,KOR,1976,Silver,1
1473,KOR,1984,Bronze,7
1474,KOR,1984,Gold,6
1475,KOR,1984,Silver,29
1476,KOR,1988,Bronze,12
1477,KOR,1988,Gold,28
1478,KOR,1988,Silver,37
1479,KOR,1992,Bronze,16
1480,KOR,1992,Gold,28
1481,KOR,1992,Silver,5
1482,KOR,1996,Bronze,7
1483,KOR,1996,Gold,10
1484,KOR,1996,Silver,49
1485,KOR,2000,Bronze,35
1486,KOR,2000,Gold,12
1487,KOR,2000,Silver,26
1488,KOR,2004,Bronze,10
1489,KOR,2004,Gold,14
1490,KOR,2004,Silver,28
1491,KOR,2008,Bronze,26
1492,KOR,2008,Gold,41
1493,KOR,2008,Silver,11
1494,KOR,2012,Bronze,32
1495,KOR,2012,Gold,18
1496,KOR,2012,Silver,13
1497,KSA,2000,Bronze,1
1498,KSA,2000,Silver,1
1499,KSA,2012,Bronze,4
1500,KUW,2000,Bronze,1
1501,KUW,2012,Bronze,1
1502,LAT,1932,Silver,1
1503,LAT,1936,Bronze,1
1504,LAT,1936,Silver,1
1505,LAT,1992,Bronze,1
1506,LAT,1992,Silver,2
1507,LAT,1996,Silver,1
1508,LAT,2000,Bronze,1
1509,LAT,2000,Gold,1
1510,LAT,2000,Silver,1
1511,LAT,2004,Silver,4
1512,LAT,2008,Bronze,1
1513,LAT,2008,Gold,1
1514,LAT,2008,Silver,1
1515,LAT,2012,Bronze,2
1516,LAT,2012,Gold,1
1517,LIB,1952,Bronze,1
1518,LIB,1952,Silver,1
1519,LIB,1972,Silver,1
1520,LIB,1980,Bronze,1
1521,LTU,1992,Bronze,12
1522,LTU,1992,Gold,1
1523,LTU,1996,Bronze,12
1524,LTU,2000,Bronze,15
1525,LTU,2000,Gold,2
1526,LTU,2004,Gold,1
1527,LTU,2004,Silver,2
1528,LTU,2008,Bronze,3
1529,LTU,2008,Silver,2
1530,LTU,2012,Bronze,2
1531,LTU,2012,Gold,2
1532,LTU,2012,Silver,1
1533,LUX,1920,Silver,1
1534,LUX,1952,Gold,1
1535,MAR,1960,Silver,1
1536,MAR,1984,Gold,2
1537,MAR,1988,Bronze,2
1538,MAR,1988,Gold,1
1539,MAR,1992,Bronze,1
1540,MAR,1992,Gold,1
1541,MAR,1992,Silver,1
1542,MAR,1996,Bronze,2
1543,MAR,2000,Bronze,4
1544,MAR,2000,Silver,1
1545,MAR,2004,Gold,2
1546,MAR,2004,Silver,1
1547,MAR,2008,Bronze,1
1548,MAR,2008,Silver,1
1549,MAR,2012,Bronze,1
1550,MAS,1992,Bronze,2
1551,MAS,1996,Bronze,1
1552,MAS,1996,Silver,2
1553,MAS,2008,Silver,1
1554,MAS,2012,Bronze,1
1555,MAS,2012,Silver,1
1556,MDA,1996,Bronze,1
1557,MDA,1996,Silver,2
1558,MDA,2000,Bronze,1
1559,MDA,2000,Silver,1
1560,MDA,2008,Bronze,1
1561,MEX,1932,Silver,2
1562,MEX,1936,Bronze,16
1563,MEX,1948,Bronze,4
1564,MEX,1948,Gold,4
1565,MEX,1948,Silver,1
1566,MEX,1952,Silver,1
1567,MEX,1956,Bronze,1
1568,MEX,1956,Gold,1
1569,MEX,1960,Bronze,1
1570,MEX,1964,Bronze,1
1571,MEX,1968,Bronze,3
1572,MEX,1968,Gold,3
1573,MEX,1968,Silver,3
1574,MEX,1972,Silver,1
1575,MEX,1976,Bronze,1
1576,MEX,1976,Gold,1
1577,MEX,1980,Bronze,11
1578,MEX,1980,Silver,1
1579,MEX,1984,Bronze,1
1580,MEX,1984,Gold,2
1581,MEX,1984,Silver,3
1582,MEX,1988,Bronze,2
1583,MEX,1992,Silver,1
1584,MEX,1996,Bronze,1
1585,MEX,2000,Bronze,3
1586,MEX,2000,Gold,1
1587,MEX,2000,Silver,2
1588,MEX,2004,Bronze,1
1589,MEX,2004,Silver,3
1590,MEX,2008,Bronze,2
1591,MEX,2008,Gold,2
1592,MEX,2012,Bronze,3
1593,MEX,2012,Gold,18
1594,MEX,2012,Silver,5
1595,MGL,1968,Bronze,3
1596,MGL,1968,Silver,1
1597,MGL,1972,Silver,1
1598,MGL,1976,Silver,1
1599,MGL,1980,Bronze,2
1600,MGL,1980,Silver,2
1601,MGL,1988,Bronze,1
1602,MGL,1992,Bronze,2
1603,MGL,1996,Bronze,1
1604,MGL,2004,Bronze,1
1605,MGL,2008,Gold,2
1606,MGL,2008,Silver,2
1607,MGL,2012,Bronze,3
1608,MGL,2012,Silver,2
1609,MKD,2000,Bronze,1
1610,MNE,2012,Silver,14
1611,MOZ,1996,Bronze,1
1612,MOZ,2000,Gold,1
1613,MRI,2008,Bronze,1
1614,NAM,1992,Silver,2
1615,NAM,1996,Silver,2
1616,NED,1900,Bronze,15
1617,NED,1900,Silver,5
1618,NED,1908,Bronze,11
1619,NED,1912,Bronze,22
1620,NED,1920,Bronze,24
1621,NED,1920,Gold,14
1622,NED,1920,Silver,10
1623,NED,1924,Bronze,17
1624,NED,1924,Gold,8
1625,NED,1924,Silver,1
1626,NED,1928,Bronze,6
1627,NED,1928,Gold,20
1628,NED,1928,Silver,39
1629,NED,1932,Gold,2
1630,NED,1932,Silver,10
1631,NED,1936,Bronze,21
1632,NED,1936,Gold,9
1633,NED,1936,Silver,7
1634,NED,1948,Bronze,32
1635,NED,1948,Gold,8
1636,NED,1948,Silver,2
1637,NED,1952,Silver,18
1638,NED,1960,Bronze,2
1639,NED,1960,Silver,1
1640,NED,1964,Bronze,16
1641,NED,1964,Gold,5
1642,NED,1964,Silver,9
1643,NED,1968,Bronze,1
1644,NED,1968,Gold,6
1645,NED,1968,Silver,7
1646,NED,1972,Bronze,2
1647,NED,1972,Gold,3
1648,NED,1972,Silver,1
1649,NED,1976,Bronze,13
1650,NED,1976,Silver,2
1651,NED,1980,Bronze,5
1652,NED,1980,Silver,1
1653,NED,1984,Bronze,14
1654,NED,1984,Gold,20
1655,NED,1984,Silver,6
1656,NED,1988,Bronze,36
1657,NED,1988,Gold,3
1658,NED,1988,Silver,5
1659,NED,1992,Bronze,8
1660,NED,1992,Gold,5
1661,NED,1992,Silver,20
1662,NED,1996,Bronze,26
1663,NED,1996,Gold,38
1664,NED,1996,Silver,9
1665,NED,2000,Bronze,23
1666,NED,2000,Gold,27
1667,NED,2000,Silver,29
1668,NED,2004,Bronze,22
1669,NED,2004,Gold,4
1670,NED,2004,Silver,50
1671,NED,2008,Bronze,4
1672,NED,2008,Gold,40
1673,NED,2008,Silver,18
1674,NED,2012,Bronze,19
1675,NED,2012,Gold,21
1676,NED,2012,Silver,29
1677,NGR,1964,Bronze,1
1678,NGR,1972,Bronze,1
1679,NGR,1984,Bronze,4
1680,NGR,1984,Silver,1
1681,NGR,1992,Bronze,4
1682,NGR,1992,Silver,7
1683,NGR,1996,Bronze,3
1684,NGR,1996,Gold,19
1685,NGR,1996,Silver,4
1686,NGR,2000,Silver,8
1687,NGR,2004,Bronze,8
1688,NGR,2008,Bronze,6
1689,NGR,2008,Silver,18
1690,NIG,1972,Bronze,1
1691,NOR,1900,Bronze,3
1692,NOR,1900,Silver,6
1693,NOR,1908,Bronze,3
1694,NOR,1908,Gold,7
1695,NOR,1908,Silver,34
1696,NOR,1912,Bronze,29
1697,NOR,1912,Gold,41
1698,NOR,1912,Silver,6
1699,NOR,1920,Bronze,27
1700,NOR,1920,Gold,58
1701,NOR,1920,Silver,56
1702,NOR,1924,Bronze,3
1703,NOR,1924,Gold,16
1704,NOR,1924,Silver,7
1705,NOR,1928,Bronze,1
1706,NOR,1928,Gold,4
1707,NOR,1928,Silver,4
1708,NOR,1936,Bronze,15
1709,NOR,1936,Gold,1
1710,NOR,1936,Silver,12
1711,NOR,1948,Bronze,11
1712,NOR,1948,Gold,3
1713,NOR,1948,Silver,4
1714,NOR,1952,Gold,5
1715,NOR,1952,Silver,8
1716,NOR,1956,Bronze,2
1717,NOR,1956,Gold,1
1718,NOR,1960,Gold,2
1719,NOR,1968,Gold,4
1720,NOR,1968,Silver,2
1721,NOR,1972,Bronze,4
1722,NOR,1972,Gold,2
1723,NOR,1972,Silver,2
1724,NOR,1976,Gold,2
1725,NOR,1976,Silver,4
1726,NOR,1984,Bronze,3
1727,NOR,1984,Silver,1
1728,NOR,1988,Gold,2
1729,NOR,1988,Silver,21
1730,NOR,1992,Bronze,1
1731,NOR,1992,Gold,2
1732,NOR,1992,Silver,20
1733,NOR,1996,Bronze,20
1734,NOR,1996,Gold,2
1735,NOR,1996,Silver,3
1736,NOR,2000,Bronze,19
1737,NOR,2000,Gold,21
1738,NOR,2000,Silver,4
1739,NOR,2004,Bronze,2
1740,NOR,2004,Gold,5
1741,NOR,2008,Bronze,1
1742,NOR,2008,Gold,16
1743,NOR,2008,Silver,5
1744,NOR,2012,Bronze,1
1745,NOR,2012,Gold,15
1746,NOR,2012,Silver,1
1747,NZL,1920,Bronze,1
1748,NZL,1924,Bronze,1
1749,NZL,1928,Gold,1
1750,NZL,1932,Silver,2
1751,NZL,1936,Gold,1
1752,NZL,1952,Bronze,2
1753,NZL,1952,Gold,1
1754,NZL,1956,Gold,3
1755,NZL,1960,Bronze,1
1756,NZL,1960,Gold,2
1757,NZL,1964,Bronze,2
1758,NZL,1964,Gold,4
1759,NZL,1968,Bronze,2
1760,NZL,1968,Gold,5
1761,NZL,1972,Bronze,1
1762,NZL,1972,Gold,9
1763,NZL,1972,Silver,4
1764,NZL,1976,Bronze,9
1765,NZL,1976,Gold,17
1766,NZL,1976,Silver,1
1767,NZL,1984,Bronze,6
1768,NZL,1984,Gold,16
1769,NZL,1984,Silver,1
1770,NZL,1988,Bronze,16
1771,NZL,1988,Gold,4
1772,NZL,1988,Silver,4
1773,NZL,1992,Bronze,5
1774,NZL,1992,Gold,1
1775,NZL,1992,Silver,9
1776,NZL,1996,Bronze,4
1777,NZL,1996,Gold,3
1778,NZL,1996,Silver,2
1779,NZL,2000,Bronze,3
1780,NZL,2000,Gold,1
1781,NZL,2004,Gold,4
1782,NZL,2004,Silver,2
1783,NZL,2008,Bronze,8
1784,NZL,2008,Gold,4
1785,NZL,2008,Silver,2
1786,NZL,2012,Bronze,14
1787,NZL,2012,Gold,9
1788,NZL,2012,Silver,3
1789,PAK,1956,Silver,14
1790,PAK,1960,Bronze,1
1791,PAK,1960,Gold,13
1792,PAK,1964,Silver,16
1793,PAK,1968,Gold,13
1794,PAK,1972,Silver,15
1795,PAK,1976,Bronze,16
1796,PAK,1984,Gold,16
1797,PAK,1988,Bronze,1
1798,PAK,1992,Bronze,16
1799,PAN,1948,Bronze,2
1800,PAN,2008,Gold,1
1801,PAR,2004,Silver,17
1802,PER,1948,Gold,1
1803,PER,1984,Silver,1
1804,PER,1988,Silver,12
1805,PER,1992,Silver,1
1806,PHI,1928,Bronze,1
1807,PHI,1932,Bronze,3
1808,PHI,1936,Bronze,1
1809,PHI,1964,Silver,1
1810,PHI,1988,Bronze,1
1811,PHI,1992,Bronze,1
1812,PHI,1996,Silver,1
1813,POL,1924,Bronze,1
1814,POL,1924,Silver,4
1815,POL,1928,Bronze,14
1816,POL,1928,Gold,1
1817,POL,1928,Silver,3
1818,POL,1932,Bronze,14
1819,POL,1932,Gold,2
1820,POL,1932,Silver,3
1821,POL,1936,Bronze,4
1822,POL,1936,Silver,5
1823,POL,1948,Bronze,1
1824,POL,1952,Bronze,1
1825,POL,1952,Gold,1
1826,POL,1952,Silver,2
1827,POL,1956,Bronze,9
1828,POL,1956,Gold,1
1829,POL,1956,Silver,9
1830,POL,1960,Bronze,15
1831,POL,1960,Gold,4
1832,POL,1960,Silver,11
1833,POL,1964,Bronze,25
1834,POL,1964,Gold,10
1835,POL,1964,Silver,13
1836,POL,1968,Bronze,30
1837,POL,1968,Gold,5
1838,POL,1968,Silver,2
1839,POL,1972,Bronze,11
1840,POL,1972,Gold,27
1841,POL,1972,Silver,8
1842,POL,1976,Bronze,26
1843,POL,1976,Gold,18
1844,POL,1976,Silver,29
1845,POL,1980,Bronze,22
1846,POL,1980,Gold,3
1847,POL,1980,Silver,25
1848,POL,1988,Bronze,10
1849,POL,1988,Gold,2
1850,POL,1988,Silver,9
1851,POL,1992,Bronze,19
1852,POL,1992,Gold,5
1853,POL,1992,Silver,18
1854,POL,1996,Bronze,7
1855,POL,1996,Gold,7
1856,POL,1996,Silver,7
1857,POL,2000,Bronze,7
1858,POL,2000,Gold,7
1859,POL,2000,Silver,10
1860,POL,2004,Bronze,6
1861,POL,2004,Gold,4
1862,POL,2004,Silver,2
1863,POL,2008,Bronze,1
1864,POL,2008,Gold,6
1865,POL,2008,Silver,13
1866,POL,2012,Bronze,8
1867,POL,2012,Gold,3
1868,POL,2012,Silver,1
1869,POR,1924,Bronze,3
1870,POR,1936,Bronze,3
1871,POR,1948,Bronze,3
1872,POR,1948,Silver,2
1873,POR,1952,Bronze,2
1874,POR,1960,Silver,2
1875,POR,1976,Silver,2
1876,POR,1984,Bronze,2
1877,POR,1984,Gold,1
1878,POR,1988,Gold,1
1879,POR,1996,Bronze,2
1880,POR,1996,Gold,1
1881,POR,2000,Bronze,2
1882,POR,2004,Bronze,1
1883,POR,2004,Silver,2
1884,POR,2008,Gold,1
1885,POR,2008,Silver,1
1886,POR,2012,Silver,2
1887,PRK,1972,Bronze,13
1888,PRK,1972,Gold,1
1889,PRK,1972,Silver,1
1890,PRK,1976,Gold,1
1891,PRK,1976,Silver,1
1892,PRK,1980,Bronze,2
1893,PRK,1980,Silver,3
1894,PRK,1992,Bronze,6
1895,PRK,1992,Gold,4
1896,PRK,1996,Bronze,2
1897,PRK,1996,Gold,2
1898,PRK,1996,Silver,1
1899,PRK,2000,Bronze,3
1900,PRK,2000,Silver,1
1901,PRK,2004,Bronze,1
1902,PRK,2004,Silver,4
1903,PRK,2008,Bronze,3
1904,PRK,2008,Gold,2
1905,PRK,2008,Silver,1
1906,PRK,2012,Bronze,2
1907,PRK,2012,Gold,4
1908,PUR,1948,Bronze,1
1909,PUR,1976,Bronze,1
1910,PUR,1984,Bronze,1
1911,PUR,1984,Silver,1
1912,PUR,1992,Bronze,1
1913,PUR,1996,Bronze,1
1914,PUR,2012,Bronze,1
1915,PUR,2012,Silver,1
1916,QAT,1992,Bronze,1
1917,QAT,2000,Bronze,1
1918,QAT,2012,Bronze,2
1919,ROU,1924,Bronze,23
1920,ROU,1936,Silver,2
1921,ROU,1952,Bronze,2
1922,ROU,1952,Gold,1
1923,ROU,1952,Silver,1
1924,ROU,1956,Bronze,10
1925,ROU,1956,Gold,6
1926,ROU,1956,Silver,3
1927,ROU,1960,Bronze,11
1928,ROU,1960,Gold,3
1929,ROU,1960,Silver,1
1930,ROU,1964,Bronze,10
1931,ROU,1964,Gold,2
1932,ROU,1964,Silver,4
1933,ROU,1968,Bronze,9
1934,ROU,1968,Gold,5
1935,ROU,1968,Silver,9
1936,ROU,1972,Bronze,27
1937,ROU,1972,Gold,3
1938,ROU,1972,Silver,10
1939,ROU,1976,Bronze,23
1940,ROU,1976,Gold,4
1941,ROU,1976,Silver,28
1942,ROU,1980,Bronze,50
1943,ROU,1980,Gold,7
1944,ROU,1980,Silver,15
1945,ROU,1984,Bronze,35
1946,ROU,1984,Gold,40
1947,ROU,1984,Silver,31
1948,ROU,1988,Bronze,13
1949,ROU,1988,Gold,8
1950,ROU,1988,Silver,30
1951,ROU,1992,Bronze,14
1952,ROU,1992,Gold,8
1953,ROU,1992,Silver,31
1954,ROU,1996,Bronze,15
1955,ROU,1996,Gold,13
1956,ROU,1996,Silver,10
1957,ROU,2000,Bronze,13
1958,ROU,2000,Gold,27
1959,ROU,2000,Silver,6
1960,ROU,2004,Bronze,11
1961,ROU,2004,Gold,23
1962,ROU,2004,Silver,5
1963,ROU,2008,Bronze,16
1964,ROU,2008,Gold,5
1965,ROU,2008,Silver,1
1966,ROU,2012,Bronze,6
1967,ROU,2012,Gold,2
1968,ROU,2012,Silver,8
1969,RSA,1908,Gold,1
1970,RSA,1908,Silver,1
1971,RSA,1912,Gold,5
1972,RSA,1912,Silver,2
1973,RSA,1920,Bronze,6
1974,RSA,1920,Gold,3
1975,RSA,1920,Silver,12
1976,RSA,1924,Bronze,1
1977,RSA,1924,Gold,1
1978,RSA,1924,Silver,1
1979,RSA,1928,Bronze,5
1980,RSA,1928,Gold,1
1981,RSA,1932,Bronze,3
1982,RSA,1932,Gold,2
1983,RSA,1936,Silver,1
1984,RSA,1948,Bronze,1
1985,RSA,1948,Gold,2
1986,RSA,1948,Silver,1
1987,RSA,1952,Bronze,4
1988,RSA,1952,Gold,2
1989,RSA,1952,Silver,8
1990,RSA,1956,Bronze,7
1991,RSA,1960,Bronze,2
1992,RSA,1960,Silver,1
1993,RSA,1992,Silver,3
1994,RSA,1996,Bronze,1
1995,RSA,1996,Gold,3
1996,RSA,1996,Silver,1
1997,RSA,2000,Bronze,3
1998,RSA,2000,Silver,2
1999,RSA,2004,Bronze,3
2000,RSA,2004,Gold,4
2001,RSA,2004,Silver,3
2002,RSA,2008,Silver,1
2003,RSA,2012,Bronze,1
2004,RSA,2012,Gold,6
2005,RSA,2012,Silver,2
2006,RU1,1908,Gold,1
2007,RU1,1908,Silver,2
2008,RU1,1912,Bronze,9
2009,RU1,1912,Silver,5
2010,RUS,1996,Bronze,34
2011,RUS,1996,Gold,36
2012,RUS,1996,Silver,45
2013,RUS,2000,Bronze,54
2014,RUS,2000,Gold,66
2015,RUS,2000,Silver,68
2016,RUS,2004,Bronze,96
2017,RUS,2004,Gold,47
2018,RUS,2004,Silver,49
2019,RUS,2008,Bronze,56
2020,RUS,2008,Gold,43
2021,RUS,2008,Silver,44
2022,RUS,2012,Bronze,51
2023,RUS,2012,Gold,47
2024,RUS,2012,Silver,32
2025,SCG,2004,Silver,14
2026,SEN,1988,Silver,1
2027,SGP,2012,Bronze,4
2028,SIN,1960,Silver,1
2029,SIN,2008,Silver,3
2030,SLO,1992,Bronze,6
2031,SLO,1996,Silver,2
2032,SLO,2000,Gold,3
2033,SLO,2004,Bronze,3
2034,SLO,2004,Silver,2
2035,SLO,2008,Bronze,2
2036,SLO,2008,Gold,1
2037,SLO,2008,Silver,2
2038,SLO,2012,Bronze,3
2039,SLO,2012,Gold,1
2040,SLO,2012,Silver,1
2041,SRB,2008,Bronze,14
2042,SRB,2008,Silver,1
2043,SRB,2012,Bronze,14
2044,SRB,2012,Gold,1
2045,SRB,2012,Silver,1
2046,SRI,1948,Silver,1
2047,SRI,2000,Silver,1
2048,SUD,2008,Silver,1
2049,SUI,1896,Gold,1
2050,SUI,1896,Silver,2
2051,SUI,1900,Bronze,1
2052,SUI,1900,Gold,13
2053,SUI,1900,Silver,1
2054,SUI,1904,Bronze,1
2055,SUI,1904,Gold,1
2056,SUI,1920,Bronze,21
2057,SUI,1920,Gold,6
2058,SUI,1920,Silver,2
2059,SUI,1924,Bronze,21
2060,SUI,1924,Gold,13
2061,SUI,1924,Silver,31
2062,SUI,1928,Bronze,5
2063,SUI,1928,Gold,16
2064,SUI,1928,Silver,8
2065,SUI,1932,Silver,1
2066,SUI,1936,Bronze,24
2067,SUI,1936,Gold,1
2068,SUI,1936,Silver,22
2069,SUI,1948,Bronze,5
2070,SUI,1948,Gold,5
2071,SUI,1948,Silver,22
2072,SUI,1952,Bronze,12
2073,SUI,1952,Gold,2
2074,SUI,1952,Silver,19
2075,SUI,1956,Bronze,3
2076,SUI,1960,Bronze,6
2077,SUI,1960,Silver,5
2078,SUI,1964,Bronze,1
2079,SUI,1964,Gold,1
2080,SUI,1964,Silver,4
2081,SUI,1968,Bronze,10
2082,SUI,1968,Silver,3
2083,SUI,1972,Silver,8
2084,SUI,1976,Bronze,6
2085,SUI,1976,Gold,1
2086,SUI,1976,Silver,3
2087,SUI,1980,Gold,2
2088,SUI,1984,Bronze,6
2089,SUI,1984,Silver,9
2090,SUI,1988,Bronze,2
2091,SUI,1988,Silver,6
2092,SUI,1992,Gold,1
2093,SUI,1996,Gold,5
2094,SUI,1996,Silver,6
2095,SUI,2000,Bronze,2
2096,SUI,2000,Gold,1
2097,SUI,2000,Silver,11
2098,SUI,2004,Bronze,4
2099,SUI,2004,Gold,1
2100,SUI,2004,Silver,2
2101,SUI,2008,Bronze,8
2102,SUI,2008,Gold,3
2103,SUI,2012,Gold,2
2104,SUI,2012,Silver,2
2105,SUR,1988,Gold,1
2106,SUR,1992,Bronze,1
2107,SVK,1996,Bronze,1
2108,SVK,1996,Gold,1
2109,SVK,1996,Silver,1
2110,SVK,2000,Bronze,1
2111,SVK,2000,Gold,2
2112,SVK,2000,Silver,3
2113,SVK,2004,Bronze,5
2114,SVK,2004,Gold,3
2115,SVK,2004,Silver,2
2116,SVK,2008,Bronze,1
2117,SVK,2008,Gold,4
2118,SVK,2008,Silver,5
2119,SVK,2012,Bronze,4
2120,SVK,2012,Silver,1
2121,SWE,1900,Bronze,1
2122,SWE,1908,Bronze,11
2123,SWE,1908,Gold,69
2124,SWE,1908,Silver,18
2125,SWE,1912,Bronze,25
2126,SWE,1912,Gold,86
2127,SWE,1912,Silver,62
2128,SWE,1920,Bronze,57
2129,SWE,1920,Gold,53
2130,SWE,1920,Silver,36
2131,SWE,1924,Bronze,49
2132,SWE,1924,Gold,6
2133,SWE,1924,Silver,25
2134,SWE,1928,Bronze,21
2135,SWE,1928,Gold,7
2136,SWE,1928,Silver,8
2137,SWE,1932,Bronze,12
2138,SWE,1932,Gold,12
2139,SWE,1932,Silver,7
2140,SWE,1936,Bronze,16
2141,SWE,1936,Gold,7
2142,SWE,1936,Silver,11
2143,SWE,1948,Bronze,29
2144,SWE,1948,Gold,29
2145,SWE,1948,Silver,15
2146,SWE,1952,Bronze,23
2147,SWE,1952,Gold,23
2148,SWE,1952,Silver,24
2149,SWE,1956,Bronze,6
2150,SWE,1956,Gold,14
2151,SWE,1956,Silver,14
2152,SWE,1960,Bronze,3
2153,SWE,1960,Gold,2
2154,SWE,1960,Silver,2
2155,SWE,1964,Bronze,8
2156,SWE,1964,Gold,3
2157,SWE,1964,Silver,4
2158,SWE,1968,Bronze,1
2159,SWE,1968,Gold,4
2160,SWE,1968,Silver,4
2161,SWE,1972,Bronze,8
2162,SWE,1972,Gold,4
2163,SWE,1972,Silver,9
2164,SWE,1976,Gold,9
2165,SWE,1976,Silver,1
2166,SWE,1980,Bronze,9
2167,SWE,1980,Gold,3
2168,SWE,1980,Silver,6
2169,SWE,1984,Bronze,11
2170,SWE,1984,Gold,3
2171,SWE,1984,Silver,18
2172,SWE,1988,Bronze,11
2173,SWE,1988,Silver,5
2174,SWE,1992,Bronze,7
2175,SWE,1992,Gold,1
2176,SWE,1992,Silver,27
2177,SWE,1996,Bronze,5
2178,SWE,1996,Gold,3
2179,SWE,1996,Silver,23
2180,SWE,2000,Bronze,8
2181,SWE,2000,Gold,4
2182,SWE,2000,Silver,20
2183,SWE,2004,Bronze,2
2184,SWE,2004,Gold,5
2185,SWE,2004,Silver,5
2186,SWE,2008,Bronze,2
2187,SWE,2008,Silver,5
2188,SWE,2012,Bronze,3
2189,SWE,2012,Gold,2
2190,SWE,2012,Silver,18
2191,SYR,1984,Silver,1
2192,SYR,1996,Gold,1
2193,SYR,2004,Bronze,1
2194,TAN,1980,Silver,2
2195,TCH,1920,Bronze,10
2196,TCH,1924,Bronze,5
2197,TCH,1924,Gold,1
2198,TCH,1924,Silver,4
2199,TCH,1928,Bronze,2
2200,TCH,1928,Gold,2
2201,TCH,1928,Silver,12
2202,TCH,1932,Bronze,1
2203,TCH,1932,Gold,1
2204,TCH,1932,Silver,2
2205,TCH,1936,Gold,5
2206,TCH,1936,Silver,12
2207,TCH,1948,Bronze,3
2208,TCH,1948,Gold,14
2209,TCH,1948,Silver,3
2210,TCH,1952,Bronze,10
2211,TCH,1952,Gold,11
2212,TCH,1952,Silver,4
2213,TCH,1956,Bronze,1
2214,TCH,1956,Gold,1
2215,TCH,1956,Silver,5
2216,TCH,1960,Bronze,11
2217,TCH,1960,Gold,4
2218,TCH,1960,Silver,7
2219,TCH,1964,Bronze,12
2220,TCH,1964,Gold,5
2221,TCH,1964,Silver,38
2222,TCH,1968,Bronze,15
2223,TCH,1968,Gold,7
2224,TCH,1968,Silver,7
2225,TCH,1972,Bronze,6
2226,TCH,1972,Gold,2
2227,TCH,1972,Silver,21
2228,TCH,1976,Bronze,9
2229,TCH,1976,Gold,2
2230,TCH,1976,Silver,4
2231,TCH,1980,Bronze,16
2232,TCH,1980,Gold,18
2233,TCH,1980,Silver,18
2234,TCH,1988,Bronze,3
2235,TCH,1988,Gold,3
2236,TCH,1988,Silver,4
2237,TCH,1992,Bronze,1
2238,TCH,1992,Gold,4
2239,TCH,1992,Silver,3
2240,TGA,1996,Silver,1
2241,THA,1976,Bronze,1
2242,THA,1984,Silver,1
2243,THA,1988,Bronze,1
2244,THA,1992,Bronze,1
2245,THA,1996,Bronze,1
2246,THA,1996,Gold,1
2247,THA,2000,Bronze,2
2248,THA,2000,Gold,1
2249,THA,2004,Bronze,4
2250,THA,2004,Gold,3
2251,THA,2004,Silver,1
2252,THA,2008,Gold,2
2253,THA,2008,Silver,2
2254,THA,2012,Bronze,2
2255,THA,2012,Silver,2
2256,TJK,2008,Bronze,1
2257,TJK,2008,Silver,1
2258,TJK,2012,Bronze,1
2259,TOG,2008,Bronze,1
2260,TPE,1960,Silver,1
2261,TPE,1968,Bronze,1
2262,TPE,1984,Bronze,1
2263,TPE,1992,Silver,20
2264,TPE,1996,Silver,1
2265,TPE,2000,Bronze,4
2266,TPE,2000,Silver,1
2267,TPE,2004,Bronze,3
2268,TPE,2004,Gold,2
2269,TPE,2004,Silver,4
2270,TPE,2008,Bronze,4
2271,TPE,2012,Bronze,1
2272,TPE,2012,Gold,1
2273,TRI,1948,Silver,1
2274,TRI,1952,Bronze,2
2275,TRI,1964,Bronze,5
2276,TRI,1964,Silver,1
2277,TRI,1976,Gold,1
2278,TRI,1996,Bronze,2
2279,TRI,2000,Bronze,1
2280,TRI,2000,Silver,1
2281,TRI,2004,Bronze,1
2282,TRI,2008,Silver,5
2283,TTO,2012,Bronze,5
2284,TTO,2012,Gold,1
2285,TTO,2012,Silver,4
2286,TUN,1964,Bronze,1
2287,TUN,1964,Silver,1
2288,TUN,1968,Bronze,1
2289,TUN,1968,Gold,1
2290,TUN,1972,Silver,1
2291,TUN,1996,Bronze,1
2292,TUN,2008,Gold,1
2293,TUN,2012,Bronze,1
2294,TUN,2012,Gold,2
2295,TUR,1936,Bronze,1
2296,TUR,1936,Gold,1
2297,TUR,1948,Bronze,2
2298,TUR,1948,Gold,6
2299,TUR,1948,Silver,4
2300,TUR,1952,Bronze,1
2301,TUR,1952,Gold,2
2302,TUR,1956,Bronze,2
2303,TUR,1956,Gold,3
2304,TUR,1956,Silver,2
2305,TUR,1960,Gold,7
2306,TUR,1960,Silver,2
2307,TUR,1964,Bronze,1
2308,TUR,1964,Gold,2
2309,TUR,1964,Silver,3
2310,TUR,1968,Gold,2
2311,TUR,1972,Silver,1
2312,TUR,1984,Bronze,3
2313,TUR,1988,Gold,1
2314,TUR,1988,Silver,1
2315,TUR,1992,Bronze,2
2316,TUR,1992,Gold,2
2317,TUR,1992,Silver,2
2318,TUR,1996,Bronze,1
2319,TUR,1996,Gold,4
2320,TUR,1996,Silver,1
2321,TUR,2000,Bronze,2
2322,TUR,2000,Gold,3
2323,TUR,2004,Bronze,4
2324,TUR,2004,Gold,3
2325,TUR,2004,Silver,3
2326,TUR,2008,Bronze,3
2327,TUR,2008,Gold,1
2328,TUR,2008,Silver,4
2329,TUR,2012,Bronze,1
2330,TUR,2012,Gold,1
2331,TUR,2012,Silver,2
2332,UAE,2004,Gold,1
2333,UGA,1968,Bronze,1
2334,UGA,1968,Silver,1
2335,UGA,1972,Gold,1
2336,UGA,1972,Silver,1
2337,UGA,1980,Silver,1
2338,UGA,1996,Bronze,1
2339,UGA,2012,Gold,1
2340,UKR,1996,Bronze,19
2341,UKR,1996,Gold,10
2342,UKR,1996,Silver,5
2343,UKR,2000,Bronze,12
2344,UKR,2000,Gold,3
2345,UKR,2000,Silver,20
2346,UKR,2004,Bronze,31
2347,UKR,2004,Gold,9
2348,UKR,2004,Silver,8
2349,UKR,2008,Bronze,16
2350,UKR,2008,Gold,10
2351,UKR,2008,Silver,5
2352,UKR,2012,Bronze,12
2353,UKR,2012,Gold,9
2354,UKR,2012,Silver,4
2355,URS,1952,Bronze,19
2356,URS,1952,Gold,36
2357,URS,1952,Silver,62
2358,URS,1956,Bronze,55
2359,URS,1956,Gold,68
2360,URS,1956,Silver,46
2361,URS,1960,Bronze,45
2362,URS,1960,Gold,61
2363,URS,1960,Silver,63
2364,URS,1964,Bronze,50
2365,URS,1964,Gold,61
2366,URS,1964,Silver,63
2367,URS,1968,Bronze,60
2368,URS,1968,Gold,66
2369,URS,1968,Silver,62
2370,URS,1972,Bronze,58
2371,URS,1972,Gold,107
2372,URS,1972,Silver,46
2373,URS,1976,Bronze,79
2374,URS,1976,Gold,113
2375,URS,1976,Silver,93
2376,URS,1980,Bronze,123
2377,URS,1980,Gold,192
2378,URS,1980,Silver,127
2379,URS,1988,Bronze,95
2380,URS,1988,Gold,134
2381,URS,1988,Silver,65
2382,URU,1924,Gold,22
2383,URU,1928,Gold,22
2384,URU,1932,Bronze,1
2385,URU,1948,Bronze,2
2386,URU,1948,Silver,1
2387,URU,1952,Bronze,14
2388,URU,1956,Bronze,12
2389,URU,1964,Bronze,1
2390,URU,2000,Silver,1
2391,USA,1896,Bronze,2
2392,USA,1896,Gold,11
2393,USA,1896,Silver,7
2394,USA,1900,Bronze,14
2395,USA,1900,Gold,27
2396,USA,1900,Silver,14
2397,USA,1904,Bronze,111
2398,USA,1904,Gold,146
2399,USA,1904,Silver,137
2400,USA,1908,Bronze,15
2401,USA,1908,Gold,34
2402,USA,1908,Silver,14
2403,USA,1912,Bronze,31
2404,USA,1912,Gold,45
2405,USA,1912,Silver,25
2406,USA,1920,Bronze,38
2407,USA,1920,Gold,110
2408,USA,1920,Silver,45
2409,USA,1924,Bronze,51
2410,USA,1924,Gold,110
2411,USA,1924,Silver,37
2412,USA,1928,Bronze,17
2413,USA,1928,Gold,43
2414,USA,1928,Silver,24
2415,USA,1932,Bronze,59
2416,USA,1932,Gold,78
2417,USA,1932,Silver,44
2418,USA,1936,Bronze,15
2419,USA,1936,Gold,51
2420,USA,1936,Silver,26
2421,USA,1948,Bronze,35
2422,USA,1948,Gold,83
2423,USA,1948,Silver,30
2424,USA,1952,Bronze,28
2425,USA,1952,Gold,79
2426,USA,1952,Silver,23
2427,USA,1956,Bronze,20
2428,USA,1956,Gold,61
2429,USA,1956,Silver,37
2430,USA,1960,Bronze,21
2431,USA,1960,Gold,68
2432,USA,1960,Silver,23
2433,USA,1964,Bronze,36
2434,USA,1964,Gold,78
2435,USA,1964,Silver,36
2436,USA,1968,Bronze,35
2437,USA,1968,Gold,83
2438,USA,1968,Silver,31
2439,USA,1972,Bronze,43
2440,USA,1972,Gold,53
2441,USA,1972,Silver,59
2442,USA,1976,Bronze,36
2443,USA,1976,Gold,63
2444,USA,1976,Silver,56
2445,USA,1984,Bronze,50
2446,USA,1984,Gold,168
2447,USA,1984,Silver,115
2448,USA,1988,Bronze,52
2449,USA,1988,Gold,77
2450,USA,1988,Silver,64
2451,USA,1992,Bronze,85
2452,USA,1992,Gold,89
2453,USA,1992,Silver,50
2454,USA,1996,Bronze,52
2455,USA,1996,Gold,160
2456,USA,1996,Silver,48
2457,USA,2000,Bronze,52
2458,USA,2000,Gold,130
2459,USA,2000,Silver,66
2460,USA,2004,Bronze,73
2461,USA,2004,Gold,116
2462,USA,2004,Silver,75
2463,USA,2008,Bronze,81
2464,USA,2008,Gold,125
2465,USA,2008,Silver,109
2466,USA,2012,Bronze,46
2467,USA,2012,Gold,147
2468,USA,2012,Silver,57
2469,UZB,1996,Bronze,1
2470,UZB,1996,Silver,1
2471,UZB,2000,Bronze,2
2472,UZB,2000,Gold,1
2473,UZB,2000,Silver,1
2474,UZB,2004,Bronze,2
2475,UZB,2004,Gold,2
2476,UZB,2004,Silver,1
2477,UZB,2008,Bronze,3
2478,UZB,2008,Gold,1
2479,UZB,2008,Silver,2
2480,UZB,2012,Bronze,2
2481,UZB,2012,Gold,1
2482,VEN,1952,Bronze,1
2483,VEN,1960,Bronze,1
2484,VEN,1968,Gold,1
2485,VEN,1976,Silver,1
2486,VEN,1980,Silver,1
2487,VEN,1984,Bronze,3
2488,VEN,2004,Bronze,2
2489,VEN,2008,Bronze,1
2490,VEN,2012,Gold,1
2491,VIE,2000,Silver,1
2492,VIE,2008,Silver,1
2493,YUG,1924,Gold,2
2494,YUG,1928,Bronze,10
2495,YUG,1928,Gold,1
2496,YUG,1928,Silver,1
2497,YUG,1936,Silver,1
2498,YUG,1948,Silver,16
2499,YUG,1952,Gold,4
2500,YUG,1952,Silver,20
2501,YUG,1956,Silver,23
2502,YUG,1960,Gold,16
2503,YUG,1960,Silver,1
2504,YUG,1964,Bronze,2
2505,YUG,1964,Gold,2
2506,YUG,1964,Silver,11
2507,YUG,1968,Bronze,2
2508,YUG,1968,Gold,13
2509,YUG,1968,Silver,14
2510,YUG,1972,Bronze,2
2511,YUG,1972,Gold,15
2512,YUG,1972,Silver,1
2513,YUG,1976,Bronze,3
2514,YUG,1976,Gold,2
2515,YUG,1976,Silver,14
2516,YUG,1980,Bronze,17
2517,YUG,1980,Gold,13
2518,YUG,1980,Silver,27
2519,YUG,1984,Bronze,35
2520,YUG,1984,Gold,47
2521,YUG,1984,Silver,5
2522,YUG,1988,Bronze,21
2523,YUG,1988,Gold,15
2524,YUG,1988,Silver,27
2525,YUG,1996,Bronze,13
2526,YUG,1996,Gold,1
2527,YUG,1996,Silver,12
2528,YUG,2000,Bronze,13
2529,YUG,2000,Gold,12
2530,YUG,2000,Silver,1
2531,ZAM,1984,Bronze,1
2532,ZAM,1996,Silver,1
2533,ZIM,1980,Gold,16
2534,ZIM,2004,Bronze,1
2535,ZIM,2004,Gold,1
2536,ZIM,2004,Silver,1
2537,ZIM,2008,Gold,1
2538,ZIM,2008,Silver,3
2539,ZZX,1896,Bronze,2
2540,ZZX,1896,Gold,2
2541,ZZX,1896,Silver,2
2542,ZZX,1900,Bronze,8
2543,ZZX,1900,Gold,18
2544,ZZX,1900,Silver,8
2545,ZZX,1904,Gold,3
2546,ZZX,1904,Silver,5
